{
  "width": 1280,
  "height": 720,
  "fps": 30,
  "title": "がんばれ!!鈴木さん",
  "description": "鈴木さんが出社を目指して飛んでいくミニゲームです。",
  "main": "./script/aez_bundle_main.js",
  "assets": {
    "yuusya": {
      "type": "image",
      "width": 64,
      "height": 79,
      "path": "files/609646d1a38c97748d1f.png",
      "hint": {
        "untainted": true
      },
      "virtualPath": "image/yuusya.png"
    },
    "op": {
      "type": "audio",
      "path": "files/1507e406f4226c2db1c4",
      "systemId": "music",
      "duration": 71763,
      "virtualPath": "audio/op"
    },
    "background": {
      "type": "image",
      "path": "files/aebd386f12782bb5b451.jpg",
      "width": 1280,
      "height": 720,
      "hint": {
        "untainted": true
      },
      "virtualPath": "image/background.jpg"
    },
    "title": {
      "type": "image",
      "path": "files/6a2fc763d1ca590c49f9.png",
      "width": 711,
      "height": 112,
      "hint": {
        "untainted": true
      },
      "virtualPath": "image/title.png"
    },
    "start": {
      "type": "image",
      "path": "files/fad71188a75b7f48f032.png",
      "width": 239,
      "height": 90,
      "hint": {
        "untainted": true
      },
      "virtualPath": "image/start.png"
    },
    "author": {
      "type": "image",
      "path": "files/2c07e0251340c11e6c23.png",
      "width": 213,
      "height": 36,
      "hint": {
        "untainted": true
      },
      "virtualPath": "image/author.png"
    },
    "startLogo": {
      "type": "image",
      "path": "files/83a4b7355a7533c84211.png",
      "width": 170,
      "height": 64,
      "hint": {
        "untainted": true
      },
      "virtualPath": "image/startLogo.png"
    },
    "se1": {
      "type": "audio",
      "path": "files/3cd5236b04594e518240",
      "systemId": "sound",
      "duration": 1014,
      "virtualPath": "audio/se1"
    },
    "map": {
      "type": "image",
      "path": "files/0c145d36d9aa83fc016e.png",
      "width": 512,
      "height": 512,
      "hint": {
        "untainted": true
      },
      "virtualPath": "image/map.png"
    },
    "yajirusi": {
      "type": "image",
      "path": "files/852c225a33f7b244fb72.png",
      "width": 500,
      "height": 500,
      "hint": {
        "untainted": true
      },
      "virtualPath": "image/yajirusi.png"
    },
    "aez_bundle_main": {
      "type": "script",
      "global": true,
      "path": "files/f086925699839f7a9594.js",
      "virtualPath": "script/aez_bundle_main.js"
    }
  },
  "moduleMainScripts": {
    "@akashic-extension/akashic-tile": "node_modules/@akashic-extension/akashic-tile/lib/index.js",
    "@akashic-extension/akashic-box2d": "node_modules/@akashic-extension/akashic-box2d/lib/index.js",
    "box2dweb": "node_modules/box2dweb/box2d.js"
  },
  "environment": {
    "sandbox-runtime": "3",
    "external": {
      "send": "0"
    },
    "akashic-runtime": {
      "version": "~3.3.4-0",
      "flavor": "-canvas"
    }
  },
  "globalScripts": [],
  "exportZipInfo": {
    "version": "1.8.1",
    "option": {
      "force": true,
      "strip": true,
      "minify": false,
      "minifyJs": false,
      "minifyJson": false,
      "packImage": false,
      "bundle": true,
      "babel": true,
      "targetService": "nicolive"
    }
  }
}